keyword,cluster,url
"denver car accident lawyer",geo-casetype,https://whiteford-mountain-west-injury.vercel.app/denver-car-accident-lawyer
"denver personal injury lawyer",geo-casetype,https://whiteford-mountain-west-injury.vercel.app/denver-personal-injury-lawyer
"denver truck accident lawyer",geo-casetype,https://whiteford-mountain-west-injury.vercel.app/denver-truck-accident-lawyer
"denver motorcycle accident lawyer",geo-casetype,https://whiteford-mountain-west-injury.vercel.app/denver-motorcycle-accident-lawyer
"denver pedestrian accident lawyer",geo-casetype,https://whiteford-mountain-west-injury.vercel.app/denver-pedestrian-accident-lawyer
"denver bicycle accident attorney",geo-casetype,https://whiteford-mountain-west-injury.vercel.app/denver-bicycle-accident-lawyer
"denver wrongful death attorney",geo-casetype,https://whiteford-mountain-west-injury.vercel.app/denver-wrongful-death-attorney
"denver slip and fall lawyer",geo-casetype,https://whiteford-mountain-west-injury.vercel.app/denver-slip-and-fall-lawyer
"denver dog bite lawyer",geo-casetype,https://whiteford-mountain-west-injury.vercel.app/denver-dog-bite-lawyer
"uber accident lawyer denver",geo-casetype,https://whiteford-mountain-west-injury.vercel.app/denver-uber-lyft-accident-lawyer
"denver drunk driving accident victim lawyer",geo-casetype,https://whiteford-mountain-west-injury.vercel.app/denver-drunk-driving-victim-lawyer
"denver hit and run accident lawyer",geo-casetype,https://whiteford-mountain-west-injury.vercel.app/denver-hit-and-run-lawyer
"denver catastrophic injury lawyer",geo-casetype,https://whiteford-mountain-west-injury.vercel.app/denver-catastrophic-injury-lawyer
"denver brain injury lawyer",geo-casetype,https://whiteford-mountain-west-injury.vercel.app/denver-brain-injury-lawyer
"denver spinal cord injury attorney",geo-casetype,https://whiteford-mountain-west-injury.vercel.app/denver-spinal-cord-injury-lawyer
"denver construction accident lawyer",geo-casetype,https://whiteford-mountain-west-injury.vercel.app/denver-construction-accident-lawyer
"denver premises liability attorney",geo-casetype,https://whiteford-mountain-west-injury.vercel.app/denver-premises-liability-lawyer
"denver bus accident lawyer",geo-casetype,https://whiteford-mountain-west-injury.vercel.app/denver-bus-accident-lawyer
"rear end collision lawyer denver",geo-casetype,https://whiteford-mountain-west-injury.vercel.app/denver-rear-end-accident-lawyer
"uninsured motorist claim lawyer denver",geo-casetype,https://whiteford-mountain-west-injury.vercel.app/denver-uninsured-motorist-lawyer
"colorado car accident lawyer",state-casetype,https://whiteford-mountain-west-injury.vercel.app/colorado-car-accident-lawyer
"colorado personal injury attorney",state-casetype,https://whiteford-mountain-west-injury.vercel.app/colorado-personal-injury-lawyer
"colorado truck accident lawyer",state-casetype,https://whiteford-mountain-west-injury.vercel.app/colorado-truck-accident-lawyer
"colorado motorcycle accident lawyer",state-casetype,https://whiteford-mountain-west-injury.vercel.app/colorado-motorcycle-accident-lawyer
"colorado wrongful death lawyer",state-casetype,https://whiteford-mountain-west-injury.vercel.app/colorado-wrongful-death-lawyer
"semi truck accident lawyer colorado",state-casetype,https://whiteford-mountain-west-injury.vercel.app/colorado-semi-truck-accident-lawyer
"colorado dog bite law attorney",state-casetype,https://whiteford-mountain-west-injury.vercel.app/colorado-dog-bite-lawyer
"colorado slip and fall attorney",state-casetype,https://whiteford-mountain-west-injury.vercel.app/colorado-slip-and-fall-lawyer
"colorado pedestrian accident attorney",state-casetype,https://whiteford-mountain-west-injury.vercel.app/colorado-pedestrian-accident-lawyer
"colorado bicycle accident lawyer",state-casetype,https://whiteford-mountain-west-injury.vercel.app/colorado-bicycle-accident-lawyer
"rideshare accident lawyer colorado",state-casetype,https://whiteford-mountain-west-injury.vercel.app/colorado-rideshare-accident-lawyer
"catastrophic injury lawyer colorado",state-casetype,https://whiteford-mountain-west-injury.vercel.app/colorado-catastrophic-injury-lawyer
"burn injury lawyer colorado",state-casetype,https://whiteford-mountain-west-injury.vercel.app/colorado-burn-injury-lawyer
"colorado nursing home abuse lawyer",state-casetype,https://whiteford-mountain-west-injury.vercel.app/colorado-nursing-home-abuse-lawyer
"colorado product liability lawyer",state-casetype,https://whiteford-mountain-west-injury.vercel.app/colorado-product-liability-lawyer
"e-scooter accident lawyer colorado",state-casetype,https://whiteford-mountain-west-injury.vercel.app/colorado-e-scooter-accident-lawyer
"hit and run victim compensation colorado",state-casetype,https://whiteford-mountain-west-injury.vercel.app/colorado-hit-and-run-victim-lawyer
"distracted driving accident lawyer colorado",state-casetype,https://whiteford-mountain-west-injury.vercel.app/colorado-distracted-driving-lawyer
"icy road accident lawyer colorado",state-casetype,https://whiteford-mountain-west-injury.vercel.app/colorado-icy-road-accident-lawyer
"t-bone accident lawyer colorado",state-casetype,https://whiteford-mountain-west-injury.vercel.app/colorado-t-bone-accident-lawyer
"rollover accident attorney colorado",state-casetype,https://whiteford-mountain-west-injury.vercel.app/colorado-rollover-accident-lawyer
"third party work injury lawyer colorado",state-casetype,https://whiteford-mountain-west-injury.vercel.app/colorado-work-injury-third-party-lawyer
"oilfield injury lawyer colorado",state-casetype,https://whiteford-mountain-west-injury.vercel.app/colorado-oilfield-accident-lawyer
"amputation injury lawyer colorado",state-casetype,https://whiteford-mountain-west-injury.vercel.app/colorado-amputation-injury-lawyer
"whiplash injury claim colorado",state-casetype,https://whiteford-mountain-west-injury.vercel.app/colorado-whiplash-injury-lawyer
"colorado springs car accident lawyer",metro,https://whiteford-mountain-west-injury.vercel.app/colorado-springs-car-accident-lawyer
"colorado springs personal injury lawyer",metro,https://whiteford-mountain-west-injury.vercel.app/colorado-springs-personal-injury-lawyer
"motorcycle accident lawyer colorado springs",metro,https://whiteford-mountain-west-injury.vercel.app/colorado-springs-motorcycle-accident-lawyer
"aurora car accident lawyer",metro,https://whiteford-mountain-west-injury.vercel.app/aurora-car-accident-lawyer
"aurora personal injury lawyer",metro,https://whiteford-mountain-west-injury.vercel.app/aurora-personal-injury-lawyer
"fort collins car accident lawyer",metro,https://whiteford-mountain-west-injury.vercel.app/fort-collins-car-accident-lawyer
"fort collins personal injury lawyer",metro,https://whiteford-mountain-west-injury.vercel.app/fort-collins-personal-injury-lawyer
"boulder personal injury lawyer",metro,https://whiteford-mountain-west-injury.vercel.app/boulder-personal-injury-lawyer
"boulder bicycle accident lawyer",metro,https://whiteford-mountain-west-injury.vercel.app/boulder-bicycle-accident-lawyer
"lakewood car accident lawyer",metro,https://whiteford-mountain-west-injury.vercel.app/lakewood-car-accident-lawyer
"pueblo car accident lawyer",metro,https://whiteford-mountain-west-injury.vercel.app/pueblo-car-accident-lawyer
"pueblo personal injury lawyer",metro,https://whiteford-mountain-west-injury.vercel.app/pueblo-personal-injury-lawyer
"grand junction car accident lawyer",metro,https://whiteford-mountain-west-injury.vercel.app/grand-junction-car-accident-lawyer
"grand junction personal injury lawyer",metro,https://whiteford-mountain-west-injury.vercel.app/grand-junction-personal-injury-lawyer
"greeley car accident lawyer",metro,https://whiteford-mountain-west-injury.vercel.app/greeley-car-accident-lawyer
"longmont car accident lawyer",metro,https://whiteford-mountain-west-injury.vercel.app/longmont-car-accident-lawyer
"thornton car accident lawyer",metro,https://whiteford-mountain-west-injury.vercel.app/thornton-car-accident-lawyer
"westminster car accident lawyer",metro,https://whiteford-mountain-west-injury.vercel.app/westminster-car-accident-lawyer
"arvada car accident lawyer",metro,https://whiteford-mountain-west-injury.vercel.app/arvada-car-accident-lawyer
"castle rock car accident lawyer",metro,https://whiteford-mountain-west-injury.vercel.app/castle-rock-car-accident-lawyer
"colorado ski accident lawyer",mountain,https://whiteford-mountain-west-injury.vercel.app/colorado-ski-accident-lawyer
"vail ski accident lawyer",mountain,https://whiteford-mountain-west-injury.vercel.app/vail-ski-accident-lawyer
"breckenridge ski accident lawyer",mountain,https://whiteford-mountain-west-injury.vercel.app/breckenridge-ski-accident-lawyer
"snowboard accident lawyer colorado",mountain,https://whiteford-mountain-west-injury.vercel.app/colorado-snowboard-accident-lawyer
"ski lift accident lawyer colorado",mountain,https://whiteford-mountain-west-injury.vercel.app/colorado-ski-lift-accident-lawyer
"i-70 accident lawyer colorado",mountain,https://whiteford-mountain-west-injury.vercel.app/i-70-mountain-corridor-accident-lawyer
"snowmobile accident lawyer colorado",mountain,https://whiteford-mountain-west-injury.vercel.app/colorado-snowmobile-accident-lawyer
"aspen personal injury lawyer",mountain,https://whiteford-mountain-west-injury.vercel.app/aspen-injury-lawyer
"car accident settlement calculator colorado",value,https://whiteford-mountain-west-injury.vercel.app/car-accident-settlement-calculator-colorado
"what is my personal injury case worth colorado",value,https://whiteford-mountain-west-injury.vercel.app/what-is-my-case-worth-colorado
"average car accident settlement colorado",value,https://whiteford-mountain-west-injury.vercel.app/average-car-accident-settlement-colorado
"pain and suffering calculator colorado",value,https://whiteford-mountain-west-injury.vercel.app/colorado-pain-and-suffering-calculator
"average semi truck accident settlement colorado",value,https://whiteford-mountain-west-injury.vercel.app/average-truck-accident-settlement-colorado
"average motorcycle accident settlement colorado",value,https://whiteford-mountain-west-injury.vercel.app/average-motorcycle-accident-settlement-colorado
"whiplash settlement amounts colorado",value,https://whiteford-mountain-west-injury.vercel.app/whiplash-settlement-amount-colorado
"herniated disc settlement colorado",value,https://whiteford-mountain-west-injury.vercel.app/herniated-disc-settlement-colorado
"broken bone accident settlement colorado",value,https://whiteford-mountain-west-injury.vercel.app/broken-bone-settlement-colorado
"tbi settlement value colorado",value,https://whiteford-mountain-west-injury.vercel.app/tbi-settlement-value-colorado
"average wrongful death settlement colorado",value,https://whiteford-mountain-west-injury.vercel.app/wrongful-death-settlement-colorado
"slip and fall settlement amounts colorado",value,https://whiteford-mountain-west-injury.vercel.app/slip-and-fall-settlement-colorado
"dog bite settlement colorado",value,https://whiteford-mountain-west-injury.vercel.app/dog-bite-settlement-colorado
"how long does a car accident settlement take in colorado",value,https://whiteford-mountain-west-injury.vercel.app/car-accident-claim-timeline-colorado
"should i accept the first settlement offer colorado",value,https://whiteford-mountain-west-injury.vercel.app/should-i-accept-first-settlement-offer-colorado
"new colorado personal injury laws 2025",law,https://whiteford-mountain-west-injury.vercel.app/colorado-personal-injury-laws-2025
"colorado noneconomic damages cap 1.5 million",law,https://whiteford-mountain-west-injury.vercel.app/colorado-noneconomic-damages-cap
"colorado car accident statute of limitations",law,https://whiteford-mountain-west-injury.vercel.app/colorado-statute-of-limitations-car-accident
"colorado comparative negligence 50 percent rule",law,https://whiteford-mountain-west-injury.vercel.app/colorado-comparative-negligence
"colorado wrongful death statute who can sue",law,https://whiteford-mountain-west-injury.vercel.app/colorado-wrongful-death-statute
"colorado minimum car insurance and injury claims",law,https://whiteford-mountain-west-injury.vercel.app/colorado-car-insurance-minimums
"colorado dram shop law bar liability",law,https://whiteford-mountain-west-injury.vercel.app/colorado-dram-shop-law
"suing the government for injury colorado CGIA",law,https://whiteford-mountain-west-injury.vercel.app/colorado-governmental-immunity-injury-claims
"delivery truck accident lawyer denver",geo-casetype,https://whiteford-mountain-west-injury.vercel.app/denver-taxi-delivery-accident-lawyer
"train accident lawyer colorado",state-casetype,https://whiteford-mountain-west-injury.vercel.app/colorado-train-accident-lawyer
"atv accident lawyer colorado",mountain,https://whiteford-mountain-west-injury.vercel.app/colorado-atv-accident-lawyer
"daycare injury lawyer colorado",state-casetype,https://whiteford-mountain-west-injury.vercel.app/colorado-daycare-injury-lawyer